zip,totkbtu,custelec,custgas,avgkbtu
92304,0,0,0,0
92365,0,0,0,0
93101,0,0,0,0
93105,0,0,0,0
93110,0,0,0,0
93111,0,0,0,0
93117,0,0,0,0
93201,8291002.584,3670,0,27109.54523
93203,115425104.8,56723,0,24418.68833
93204,126680289.5,27732,27069,54816.22219
93206,16696103.77,6244,0,32087.32307
93210,110888253.1,51628,0,25773.97995
93212,112434386.6,51438,0,26229.88139
93219,3817319.803,1527,0,29998.58392
93224,5711662.359,2537,0,27016.14044
93230,36217187.84,10807,0,40215.25438
93234,76978873.15,17868,16851,51698.37015
93239,19666836.46,4506,3911,52375.0638
93240,0,0,0,0
93241,81324690.24,40910,0,23854.71237
93242,31297104.81,11574,0,32449.04594
93243,10207889.16,5223,0,23452.93316
93245,300088858.8,124884,0,28835.28959
93249,12969857.44,7110,0,21890.05475
93250,60036048.56,29447,0,24465.39826
93251,0,0,0,0
93252,26427761.07,6446,4555,49198.43823
93254,7559558.842,3594,0,25240.59714
93256,0,0,0,0
93263,146377791.5,68450,0,25661.55585
93266,10798834.56,4460,0,29055.16024
93268,303551280.5,64878,56547,56145.61741
93274,0,0,0,0
93276,0,0,0,0
93277,0,0,0,0
93280,147722584.7,72245,0,24536.93705
93286,12094168.82,4135,0,35097.95064
93287,0,0,0,0
93291,0,0,0,0
93292,5526314.825,2007,0,33042.24111
93301,309501011,68382,59492,54312.7158
93304,970885950,184334,177812,63203.92006
93305,647718559.5,127895,126172,60773.46819
93306,1360262171,261851,246178,62337.53565
93307,1259235752,262320,238568,57604.56324
93308,735943553.4,229544,70387,38473.33252
93309,1010027849,269501,146607,44973.24386
93311,789171327.8,186150,108202,50873.2524
93312,571662903.8,232625,0,29489.32766
93313,922040576.4,178028,170878,62150.26242
93314,325720091.4,107798,14360,36258.93891
93401,182490888.5,142462,0,15371.75291
93402,86610913.13,70712,0,14698.08459
93405,118197405.1,94449,0,15017.29887
93420,210612483.7,136190,0,18557.52849
93422,267744690.6,148691,0,21608.1423
93424,12635917.96,8315,0,18235.84072
93426,19729845.72,11493,0,20600.20436
93427,39910111.2,21153,0,22640.82326
93428,54599609.54,45815,0,14300.89085
93429,0,0,0,0
93430,29858907.58,25737,0,13921.85923
93432,18110859.58,8068,0,26937.32214
93433,73936888.37,64749,0,13702.80098
93434,23773994.46,22039,0,12944.68595
93435,0,0,0,0
93436,80845755.22,53882,0,18005.06779
93437,0,0,0,0
93440,13296129.84,7426,0,21485.80097
93441,14080591.43,5610,0,30118.91216
93442,78444866.59,68325,0,13777.36405
93444,121225025.7,89486,0,16256.17759
93445,36065077.98,29629,0,14606.66697
93446,395000447.9,214466,0,22101.43042
93449,74832432.24,55804,0,16091.84264
93450,8907858.102,2393,1488,44669.57678
93451,37903096.32,17487,0,26010.01634
93452,2841843.105,2684,0,12705.70688
93453,29114241.79,13992,0,24969.33259
93454,173621548.4,132304,0,15747.51014
93455,248535769.7,175958,0,16949.66547
93458,172217441.9,143382,0,14413.31062
93460,69028754.66,24426,0,33912.43167
93461,25475435.77,5533,3830,55251.26138
93463,74163434.1,37969,0,23439.15324
93465,87668994.37,42370,0,24829.54761
93516,34411373.72,0,8720,47355.10144
93523,15362627.45,0,4644,39696.71177
93526,0,0,0,0
93555,435412711.5,0,146230,35731.0575
93561,79833615.2,0,16648,57544.65296
93562,21317703.85,0,8226,31098.03625
93601,24596931.37,10563,0,27943.11999
93602,45233154.51,20950,0,25909.20545
93603,3712014.288,2486,0,17918.00944
93604,21152401.69,12559,0,20210.91013
93606,16886786.88,3502,3338,57864.48959
93608,7675053.012,3527,0,26113.02414
93609,49265981.77,17058,0,34657.74307
93610,317607729.9,66215,49667,57559.35602
93611,1110302569,195451,188387,68168.65009
93612,799015248.8,173976,161491,55112.10159
93614,149044346,57354,0,31184.08747
93615,33302829.9,16283,0,24543.0178
93616,18673067.92,7586,0,29538.20394
93618,217341312.3,96821,0,26937.29406
93619,740216180.2,150455,104424,59038.21184
93620,159544791.5,36103,25616,53029.87282
93621,6599317.356,3071,0,25786.97762
93622,130695899,29535,24685,53101.43178
93623,2590163.538,2406,0,12918.52139
93624,6426417.315,2444,0,31553.60384
93625,135211414,28511,20870,56909.15676
93626,24105501.08,8979,0,32215.8384
93627,0,0,0,0
93628,1894332.319,3050,0,7453.110763
93630,293331651.1,67068,51298,52483.74506
93631,166150043.3,66999,0,29758.66087
93633,1277771.974,2537,0,6043.856403
93635,769607888.8,153118,136329,60314.88568
93636,139761665.9,44879,0,37370.26206
93637,690327952.2,140760,121820,58851.48783
93638,587406460.7,150770,96903,46752.52059
93640,150811251.8,32123,29221,56337.6715
93641,5555522.758,3646,0,18284.77046
93643,41505816.29,19619,0,25387.1143
93644,112726728.6,48584,0,27842.92655
93645,5520258.274,2176,0,30442.60078
93646,57916310.16,29095,0,23887.11882
93647,69576417.04,32660,0,25563.90093
93648,90462074.55,43294,0,25073.79532
93650,72526576.11,13042,12741,66732.01298
93651,20465977.75,7253,0,33860.71046
93652,3955927.821,1544,0,30745.55301
93653,13355948.09,5480,0,29246.60166
93654,240259995.5,104970,0,27466.13267
93656,52054912.79,19259,0,32434.65151
93657,587411575.4,133017,88566,52992.76712
93660,54123207.2,12234,11487,53087.99137
93662,448246453.7,104329,70867,51557.64404
93664,5986561.55,3886,0,18486.55136
93665,11409884,2481,2181,55186.86338
93666,4244397.099,2014,0,25289.35709
93667,26227088.86,11245,0,27988.00056
93668,16622332.9,3926,2370,50806.92683
93669,3553322.405,2398,0,17781.42988
93673,4311633.35,2018,0,25639.04866
93675,45043872.78,18748,0,28831.1539
93701,179275128,41970,40555,51258.07807
93702,682158994.9,139304,137006,58762.90658
93703,602396032.4,121064,114838,59710.17304
93704,750083557.6,137364,134760,65526.64957
93705,762695092,147340,142034,62117.15152
93706,584122228,124654,97932,56231.38236
93710,656597047.2,134181,129025,58720.41918
93711,1207583025,193592,183890,74853.28059
93720,1221077518,217483,210600,67375.06018
93721,76578352.85,18570,16757,49485.20378
93722,1620994991,312777,306570,62191.08146
93723,184286621.7,36284,28331,60948.06141
93725,367427102.9,80043,61574,55084.45754
93726,862585394.4,175806,166449,58877.53964
93727,1403123018,274267,259950,61390.82068
93728,343045287.9,65003,62194,63328.51491
93730,318704502.4,49348,48735,77499.67636
93737,69947184.9,17073,8895,49163.37017
93741,0,0,0,0
93901,510787604.8,119328,108128,51366.41239
93905,616175812.7,154427,144534,47880.93891
93906,841700214.5,199872,186752,50534.35486
93907,335411008.9,84274,59848,47760.06961
93908,307087455.9,57113,36483,64522.07853
93920,6670719.832,3295,0,24293.97207
93921,120710259.2,22750,19893,63671.34551
93923,513427813.9,76679,64809,80349.68853
93924,157199059,30071,17364,62731.15985
93925,16675326.61,4669,2877,42857.9823
93926,111304479.3,26089,24129,51196.05012
93927,209027608.6,51238,46397,48954.51233
93930,197108691.7,47056,41538,50265.73232
93932,7894068.147,3262,0,29040.10355
93933,403544455.3,95735,92752,50582.68621
93940,704001395.8,160369,135644,52678.61463
93943,0,0,0,0
93950,403757955.4,87480,81969,55385.17907
93953,306985330.6,32590,32145,113035.4086
93954,2682148.052,1308,0,24606.86286
93955,494108514.1,107042,103176,55392.2962
93960,223318413.6,53129,48856,50439.8909
93962,16849864.89,3218,3224,62716.61871
94002,635850381.2,126910,112645,60122.9578
94005,97036523.21,22180,20499,52499.47153
94010,1400730161,203531,172673,82585.75808
94014,669919867.9,161780,140127,49691.17576
94015,965906912.4,220900,183156,52471.17677
94018,109289345.8,22364,19549,58642.11005
94019,302119164.7,57101,48026,63491.53213
94020,17267900.23,7963,0,26022.20303
94021,0,0,0,0
94022,744552199.8,88433,79405,101032.7185
94024,745782011.3,93687,90706,95524.28976
94025,1121222109,185316,173974,72603.90525
94027,529796437.8,29036,28354,218954.3069
94028,293564866.5,27699,26858,127180.7068
94030,490003498.4,100384,86620,58575.48993
94037,64137241.74,12705,9323,60578.26846
94038,56974081.21,12313,7173,55525.78369
94040,691613525.2,163548,118165,50745.72787
94041,296863015.1,75519,62855,47171.65457
94043,534610694.6,143676,100674,44651.35677
94044,789393619,168772,150821,56127.34001
94060,13479269.71,6471,0,24996.3277
94061,759689808.3,161134,146997,56575.75496
94062,901864976.8,118030,103065,91691.77092
94063,412221832.9,112691,82079,43895.80353
94065,256254223.9,61403,50525,50079.81184
94066,792076186.1,175835,136550,54055.87188
94070,786013516.4,144215,133519,65403.47534
94074,0,0,0,0
94080,1060371716,248642,209129,51175.82947
94085,349006480.7,103666,66960,40399.72381
94086,830137129.2,227062,146426,43871.91846
94087,1160754676,245617,205382,56710.47247
94089,288145918.1,59799,40377,57822.8903
94102,435095297.9,145726,64788,35828.49715
94103,405112584.3,157632,70147,30839.87395
94104,2851915.747,2953,0,11589.22755
94105,128947095.3,83820,2310,18460.57199
94107,425253006.2,169105,66551,30176.73087
94108,246583992.9,65584,42372,45117.83231
94109,1338497868,333622,235818,48144.23036
94110,1081111026,310883,267108,41730.5942
94111,16696789.61,11682,0,17151.29904
94112,1105816233,227739,221573,58267.55538
94114,783598909.1,202325,173403,46475.65506
94115,850302588.8,194695,129038,52408.28509
94116,762014756.3,163747,155526,55843.32584
94117,859908250.2,223070,190302,46258.56907
94118,897934880.1,208616,177485,51650.96906
94121,842044916.5,208859,178627,48379.71549
94122,1017051573,248754,223842,49063.00552
94123,746791086.1,169222,142874,52957.02115
94124,502239642.9,111448,95796,54077.91719
94127,504246825.9,82364,80529,73466.10061
94129,70074348.23,0,7812,107641.0879
94130,0,0,0,0
94131,624654748.9,144972,121755,51705.54994
94132,518886526.7,103199,71989,60336.22729
94133,451796133.1,143422,91964,37801.40841
94134,536210803.6,115348,105544,55783.62557
94158,50932638.94,49907,0,12246.61204
94301,0,0,0,0
94303,386941348,82982,68650,55955.46234
94305,134038100.8,10970,10255,146623.2644
94306,0,0,0,0
94401,561998406,140980,105107,47836.43689
94402,675101856.2,114580,103192,70703.63304
94403,876303793.5,194606,157734,54035.56685
94404,694366975.9,173133,115953,48127.18379
94501,849798449.6,0,233619,43650.47961
94502,202285842.1,0,60464,40146.70061
94503,358635351.7,64743,63948,66472.42513
94505,392043909,62958,62586,74724.84686
94506,829190889,99805,97624,99697.31645
94507,705012074.6,64651,63908,130858.6858
94508,74518806.92,11130,9012,80343.72714
94509,1364007717,267916,249247,61094.12132
94510,612779143.7,130943,122713,56156.87531
94511,31320945.44,12457,0,30171.89896
94512,0,0,0,0
94513,1352622608,243103,232315,66767.87739
94514,53740672.58,11393,8031,56603.88581
94515,161956505,31566,19632,61568.71506
94517,334829119.5,53032,48369,75764.62199
94518,608398331.8,117444,110859,62163.92477
94519,411311621.1,81218,78997,60771.49712
94520,611932557.8,153898,128123,47714.65967
94521,961988708.7,189974,182211,60765.49688
94523,806250280,168866,140469,57293.96895
94525,90168044.41,19278,18266,56127.01177
94526,1061392091,145752,141882,87386.14286
94528,62820311.69,4539,4433,166081.4585
94530,546867275.7,125515,116130,52283.84901
94531,941396782.1,154563,152866,73088.39363
94533,1479465141,283578,274480,62605.63827
94534,886125908.9,156083,150412,68127.28425
94535,0,0,0,0
94536,1277328888,286727,253311,53458.33024
94538,980457862.4,256339,184727,45898.18306
94539,1013617783,195405,185982,62247.19629
94541,1097786946,256779,228664,51302.65072
94542,312117625.5,58484,48642,64041.64397
94544,1163195775,263455,234413,52981.91078
94545,511887805.3,107736,105836,57015.79476
94546,940886958.2,197042,183758,57300.69477
94547,501213673.6,103187,97283,58288.0022
94548,10106923.89,3078,0,39403.21204
94549,971848685.5,125949,117668,92594.49639
94550,1179175820,211066,199699,67041.16174
94551,781660378.6,163518,150381,57363.25385
94552,313199648.8,59402,55233,63270.526
94553,1088772170,222866,209956,58623.86386
94555,609951639.9,136665,135780,53557.3825
94556,494176958.7,70841,65784,83710.33024
94558,1556710150,289061,243148,64624.84321
94559,581222210.1,125569,117105,55544.49363
94560,735286191.1,166586,155062,52966.24142
94561,814459678.3,155137,140144,62999.25962
94562,8001253.753,1503,0,63882.26549
94563,711799443.3,80735,78729,105797.8983
94564,402477469.1,82510,76992,58535.08216
94565,1679140357,339257,324192,59393.56973
94566,1094657272,182742,166749,71882.14674
94567,8734123.769,3565,0,29399.5751
94568,1163649498,251494,227344,55523.36823
94569,0,0,0,0
94571,244904007.8,55940,53725,52535.71852
94572,176620339.5,33221,34860,60798.73994
94573,10224311.8,2044,0,60025.31387
94574,274302222.3,44348,35298,74222.66319
94576,15391414.28,2434,1968,75882.07532
94577,880922957.6,196903,172152,53686.71626
94578,666283156.8,170976,127404,46763.27603
94579,405746819.8,76788,72866,63407.84808
94580,512052507.1,108991,99925,56377.40809
94582,885543985.3,168727,164250,62980.60075
94583,922625018.1,167949,155836,65921.79898
94585,587106527,116048,107134,60710.03657
94586,25340167.65,4454,3066,68271.66856
94587,1133012086,245864,218794,55299.45429
94588,730743139.4,140263,119592,62517.68231
94589,563635172.5,111241,104487,60801.52165
94590,743994446.1,170815,157134,52266.68239
94591,1142740162,231102,217497,59336.92456
94595,491753490.3,118749,82879,49693.40276
94596,559159342.5,113811,77122,58956.62203
94597,523913328.5,128315,98933,48996.29772
94598,788667525.3,124810,113788,75827.33998
94599,64638862.54,12592,11314,61599.93254
94601,717626812.2,176925,158924,48673.28951
94602,613745266.7,140780,131541,52315.26638
94603,508728011.4,114544,111989,53295.99225
94605,919308556.4,189907,180193,58090.02657
94606,629060815.2,176959,141509,42658.07211
94607,393619402.3,121644,70427,38829.96965
94608,497556662.1,167960,105979,35548.22544
94609,400597968.9,110951,101024,43327.01487
94610,656095797.4,179952,122092,43751.38686
94611,1062460477,198721,165650,64157.91852
94612,205594571.9,78210,29578,31545.00527
94613,0,0,0,0
94618,426322164.4,87416,83668,58523.22198
94619,531103159.4,111169,106696,57329.27266
94621,452934879.5,108966,95651,49879.94929
94702,329653674.3,86308,79979,45834.0373
94703,372153270.9,102437,95257,43595.95899
94704,271828021.6,96542,61441,33787.74274
94705,352773929.4,68055,61695,62203.91085
94706,314835771.1,83660,71642,45159.32647
94707,348645103.2,60040,59275,69682.56559
94708,349933148.8,55432,54485,75754.03712
94709,213416077.9,59988,48489,42691.75392
94710,126436790.7,37960,31603,39969.48072
94720,0,0,0,0
94801,465468190.5,114510,105446,48778.43233
94803,569907800,110858,107770,61690.57353
94804,738663137.1,171091,162615,51808.43905
94805,278526939.1,60227,59014,55495.43011
94806,1004521888,236153,220494,51044.29188
94901,924854641.9,177593,147304,62492.64162
94903,765402188.3,137523,119271,66787.56469
94904,292851197,42631,38114,82433.30825
94920,477632931.7,65690,58961,87252.17203
94922,6163747.24,2027,0,36489.87019
94923,25934132.62,15701,0,19821.00448
94924,5824082.189,3541,0,19737.07604
94925,253656372.4,44755,43585,68011.9868
94928,858104509.1,179127,153655,57485.77327
94929,7247586.733,4487,0,19382.89298
94930,23316753.45,2785,3937,71069.60664
94931,201636356.2,41657,37017,58084.74625
94933,6181336.83,3048,0,24335.97177
94937,5911617.271,4010,0,17690.62525
94938,0,0,0,0
94939,277803584.3,53327,44460,62513.22992
94940,0,0,0,0
94941,886114372.8,145005,130510,73331.07461
94945,455731767.9,80402,75038,68017.97487
94946,5190815.999,2082,0,29918.24783
94947,616665117.5,109750,100272,67425.79873
94949,426826310.1,77064,69038,66463.14389
94951,107335578.6,18224,14301,70677.51006
94952,777228365.8,149806,129333,62258.79063
94954,820958085.1,159669,150035,61699.49722
94956,1379184.236,844,0,19609.25454
94957,113304124.8,9215,9072,147547.4225
94960,433271931.1,67792,64276,76694.34702
94963,1454363.953,609,0,28657.41778
94964,0,0,0,0
94965,293115707.9,67423,47980,52168.97046
94970,12732034.58,7246,0,21085.3457
94971,4477023.267,2573,0,20880.01524
94972,0,0,0,0
94973,9423188.711,4017,0,28149.92894
95002,28570078.29,5037,4935,68064.51052
95003,580930480.6,123730,104795,56341.7584
95004,47021865.07,14228,5256,39658.58735
95005,142081431.5,25779,18227,66138.22016
95006,126310603.2,41205,7315,36785.03187
95007,21694637.15,3422,2713,76077.04438
95008,954907753.7,226152,177204,50668.98831
95010,215245157.3,54900,45531,47048.12182
95012,132438251.2,30006,23866,52964.70756
95013,0,0,0,0
95014,1228015408,250780,205447,58761.40401
95017,2872647.919,1685,0,20458.02673
95018,134361829.5,31001,15055,52009.35304
95019,69488759.04,18425,13315,45257.26505
95020,1103123677,213928,184528,61878.22131
95023,873036027.2,183561,162267,57073.30166
95030,514249097.2,61373,55641,100548.9249
95032,733233583,122656,109112,71735.61013
95033,98275558.15,35849,0,32896.50193
95035,1112957879,261537,228282,51065.4116
95037,1053924183,184973,158360,68372.62842
95039,13842025.08,2967,1580,55983.92348
95041,20212234.31,3852,3694,62966.46203
95043,5313209.52,2507,0,25432.19555
95044,4576326.825,2110,0,26026.50327
95045,66462846.78,16524,10001,48266.41015
95046,136571563.8,19361,15019,84647.42348
95050,442468824.7,0,127269,41719.71097
95051,708568711.6,0,179101,47475.02548
95054,250272170.7,0,75724,39660.68945
95060,818935120.1,186805,143522,52606.84372
95062,702100171.1,154008,141025,54706.26236
95064,13223881.82,4354,4302,36446.16027
95065,148328262.5,32550,22969,54683.23041
95066,327945463.3,58760,46077,66973.20557
95070,1035257395,130415,125310,95258.12785
95073,181693872,37265,26962,58508.69351
95075,12545697.36,2280,1835,66029.9861
95076,1070934075,259726,202015,49479.87069
95110,253402999.7,77270,48835,39353.3842
95111,749543991.9,164356,134477,54725.88712
95112,776074166.9,223872,150549,41599.17275
95113,33422024.19,14745,1610,27200.01969
95116,599511851.9,148755,129975,48362.3557
95117,516409762.8,134126,104064,46202.20654
95118,627239965.2,138097,120472,54504.29468
95119,192484562.9,37689,34897,61286.17779
95120,985119419.7,151589,143744,77983.4489
95121,564002956.4,109395,104167,61867.86852
95122,654181129.5,147007,121599,53399.99833
95123,1243381018,269759,227870,55310.74853
95124,1052712354,204277,192443,61840.28669
95125,1230161019,236857,207684,62324.23882
95126,606012472.7,175891,109597,41344.63771
95127,926645999.6,185244,169338,60027.59601
95128,648256410.2,162505,127059,47869.76968
95129,740943509.9,172033,132137,51683.81717
95130,268905915.9,58837,53600,54844.2475
95131,459577466,106754,98415,51660.16816
95132,672923193.8,142954,135255,56487.24992
95133,404098688.9,95405,78867,50827.35986
95134,474681633.6,142492,94228,39975.43444
95135,457488439.9,86335,82056,63587.89921
95136,806403494,174464,129642,55466.1244
95138,421811980.9,69516,66228,72814.08267
95139,140898599,26827,25393,63025.42918
95140,3491098.59,1286,0,32576.34766
95141,0,0,0,0
95148,733836016,137929,134618,63844.6751
95202,108318033.9,35146,24921,36983.33828
95203,309014872.7,66109,63700,56091.88571
95204,709726321.5,135988,132239,62628.43676
95205,633358804.5,123896,121207,61344.23754
95206,1056488509,203518,199891,62293.56673
95207,1073795263,222336,202465,57955.27113
95209,904736500.5,154344,153810,70341.82091
95210,718125761.1,137299,135699,62764.54405
95211,0,0,0,0
95212,568121932,85561,81989,79679.56411
95215,406509751.6,78219,62292,62364.86044
95219,697839142.7,131664,129662,63601.8176
95220,140504119.2,28491,11939,59178.31702
95222,73137102.84,27229,0,32232.0039
95223,99938185.58,86266,0,13901.86431
95224,6483963.084,2674,0,29097.81489
95225,29319376.34,9006,0,39066.45748
95227,23763781.95,5135,1294,55533.66766
95228,70235939.66,31901,0,26420.21491
95229,4400922.272,1838,0,28732.8984
95230,5533528.093,2049,0,32407.19234
95231,54280468.98,9844,8074,66168.796
95232,5853467.553,2323,0,30237.45615
95233,6052596.727,2994,0,24258.90472
95236,82894877.41,18371,7458,54147.21729
95237,78626440.17,13498,12166,69900.52467
95240,624329607.8,25653,156855,47763.57332
95242,476792957.7,16273,112245,50973.45532
95245,19244704.01,7364,0,31360.19122
95246,21425663.05,8425,0,30517.26488
95247,61343577.82,25392,0,28990.34869
95248,16337907.38,6431,0,30485.91021
95249,72655892.17,17836,8663,48882.63658
95251,8672063.737,3358,0,30990.10269
95252,165193505.3,55247,2992,35881.08066
95254,16283122.03,5499,0,35533.2723
95255,28350959.36,12406,0,27423.14302
95257,6732189.564,3067,0,26340.48737
95258,107186545.4,16502,16341,77944.40339
95301,693789964.9,125899,127499,65298.39119
95303,0,0,0,0
95304,263667931,45186,33267,70022.02391
95306,13760409.71,5753,0,28702.40162
95307,445178177,0,141001,37887.23572
95309,3266091.735,1413,0,27737.50942
95310,24290312.91,8327,0,35004.65413
95311,28292905.18,13611,0,24944.15268
95313,4831445.009,0,1358,42693.18122
95315,92989270.25,0,30871,36146.26164
95316,62559744.65,0,18969,39575.98902
95317,9119801.55,2402,0,45561.04022
95318,5271588.216,2400,0,26357.94108
95319,35948606.23,0,12033,35850.01868
95320,240187049.2,48638,33697,59259.10997
95321,71397500.91,40992,0,20900.90776
95322,174757872.1,39813,27809,52673.61075
95323,6617018.155,0,2053,38677.16408
95324,62270313.84,0,20570,36326.87244
95325,0,0,0,0
95326,95240931.98,0,27787,41130.42731
95327,73847422.02,29663,0,29874.55969
95328,37976821.37,0,13844,32918.36582
95329,31721114.59,13348,0,28517.63373
95330,385934090.3,67555,71728,64566.26539
95333,27581422.47,10118,0,32711.7088
95334,209801722.9,37388,41647,60451.42927
95335,5776059.708,7584,0,9139.334981
95336,970489629.4,190306,181797,61195.52485
95337,734057342.7,139723,132526,63043.93773
95338,142487223.2,62489,0,27362.36264
95340,789246911.3,146586,136727,64610.28294
95341,418111748.7,81821,85503,58680.29174
95345,7741613.659,3771,0,24635.20655
95346,24340839.91,17957,0,16266.08447
95348,580234430,104771,119944,58050.53325
95350,735492475.3,0,218242,40440.93118
95351,419683771.6,0,130528,38583.33277
95354,311515929.9,0,100435,37220.00457
95355,807685517,0,239827,40413.40718
95356,469979848,0,124328,45361.93115
95357,105828800.9,0,30680,41393.27283
95358,269774508.5,0,80457,40236.32626
95360,227898698.2,46901,41066,58309.72427
95361,660520860.7,125308,103408,63254.14441
95363,262289247,4860,77784,40464.24668
95364,9230863.348,12027,0,9210.140532
95365,71257646.92,15008,14288,56975.73048
95366,342606037.9,54091,63336,64912.0951
95367,442358604.4,63341,89884,59057.26551
95368,148154282.7,0,48543,36624.25874
95369,12494259.49,4387,0,34176.22838
95370,349310510,148904,0,28150.52732
95372,20889926.11,8945,0,28024.49562
95374,24237479.31,6305,0,46130.01614
95375,4017936.671,4871,0,9898.427438
95376,1039440192,199256,191586,62599.28084
95377,635521552.6,106594,103115,71544.91464
95379,44294617.66,20195,0,26320.14914
95380,420382904.5,0,141050,35764.58599
95382,472422464,0,139699,40580.60236
95383,56487134.64,34478,0,19660.23597
95385,0,0,0,0
95386,85577742.03,0,29520,34787.70001
95387,13757435.07,3949,3002,41805.32309
95388,193181496.6,40120,35788,57781.10566
95389,9624508.48,5186,0,22270.36285
95391,223631539.3,0,56778,47264.40649
95401,718478119.1,155392,134430,55483.79215
95403,870125253.7,180575,159804,57823.63585
95404,952713567.9,183422,155119,62329.28882
95405,567661026.3,108569,101437,62742.88532
95407,661132506.2,131931,124037,60134.389
95409,777157471.1,138597,130682,67287.81758
95410,13960736.55,4578,0,36594.32909
95412,3834213.317,1142,0,40289.45692
95415,13800167.99,6747,0,24544.54066
95417,0,0,0,0
95419,6602374.635,2880,0,27509.89431
95420,3704449.57,1514,0,29361.55538
95421,19919263.94,10255,0,23308.74376
95422,224170949.3,85827,0,31342.71722
95423,67963849.14,28099,0,29024.74073
95425,237299331.6,50520,38510,56365.63696
95426,27112515.73,12846,0,25326.96472
95427,2915367.933,1001,0,34949.46573
95428,29195983.06,9125,0,38394.71745
95429,0,0,0,0
95432,2412878.895,1572,0,18418.92286
95435,4707243.875,1661,0,34007.78236
95436,114258016.1,29264,12277,46852.65833
95437,155531537,71736,0,26017.31968
95439,15986066.05,2830,2142,67785.43906
95441,38960536.15,9166,3357,51006.59325
95442,86028946.99,19367,11029,53304.45417
95443,4684334.756,1945,0,28900.77999
95444,18142964.03,3278,3041,66417.19598
95445,28782110.75,14073,0,24542.40951
95446,78281370.41,34727,0,27050.31949
95448,320435796.2,30473,61071,62963.26496
95449,24973811.73,6213,2504,48235.27132
95450,6599191.107,3713,0,21327.84629
95451,166875491.9,61238,0,32700.38053
95452,42276144.43,8366,4448,60639.93942
95453,150824712.8,57521,0,31464.97026
95454,28116644.18,9200,0,36673.88372
95456,9973113.342,3519,0,34008.91165
95457,43001671.89,15174,0,34006.85796
95458,46030339.99,18348,0,30104.86592
95459,7620346.146,4185,0,21850.4549
95460,34375811.96,14437,0,28573.09299
95461,30929347.6,11905,0,31176.15885
95462,25163967.89,11115,0,27167.57667
95463,361362.8597,101,0,42934.20115
95464,38330535.3,15572,0,29538.04415
95465,24799841.2,7103,0,41897.52138
95466,9976249.1,4335,0,27615.91446
95467,77223415.42,28383,0,32649.15566
95468,11704706.98,5460,0,25724.63072
95469,19371308.12,6961,0,33394.00911
95470,113274859.2,24365,9766,55788.97229
95471,11249138.3,5421,0,24901.24693
95472,339555315.6,59403,41011,68593.56913
95476,933480934.1,168801,146356,66360.81071
95480,0,0,0,0
95482,536843491.1,58777,101048,63753.08659
95485,34865812.56,12858,0,32539.25577
95486,2278635.007,1735,0,15760.01157
95488,4344911.967,1898,0,27470.46555
95490,237087309.6,56729,27586,50151.55767
95492,607922133.7,108743,99512,67085.38117
95493,0,0,0,0
95494,1642540.151,848,0,23243.49271
95497,31645644.84,21431,0,17719.5529
95501,620006054.4,117265,111506,63446.66058
95503,688394780.1,111969,103032,73777.004
95511,8515603.394,1858,0,54998.51493
95514,0,0,0,0
95518,14899491.78,4167,0,42907.10375
95519,457129987.5,79093,70560,69355.81973
95521,437034815.9,93597,79735,56031.90049
95524,52799118.88,8097,5977,78249.8983
95525,41657089.88,8629,6958,57930.8238
95526,12345418.46,5805,0,25520.24488
95527,11378758.74,4303,0,31732.53656
95528,33491505.4,5319,3267,75558.95183
95536,30956231.86,13969,0,26592.79707
95537,10735125.67,1918,1771,67164.49848
95540,347544087.3,63767,57373,65402.6228
95542,42531366.17,9734,0,52432.33964
95546,221646056.6,10739,0,247672.286
95547,31597231.96,5923,3432,64016.00261
95549,18259472,3856,0,56824.08299
95550,0,0,0,0
95551,34680315.77,7509,4340,55421.99884
95552,5847984.241,2229,0,31483.09147
95553,17418996.69,3635,0,57504.25316
95554,11399934.49,2784,0,49137.64865
95555,5295203.648,1921,0,33077.79478
95556,7689213.4,3085,0,29909.42003
95558,6397379.99,1855,0,41384.6684
95560,29442254.38,7254,0,48705.13545
95562,86084267.01,15732,14508,65663.05646
95563,10956833.77,3882,0,33869.65618
95564,0,0,0,0
95565,17465991.24,3619,2740,57914.31192
95568,0,0,0,0
95569,4536960.947,1466,0,37137.47023
95570,49717254.56,13889,0,42955.3643
95571,6167278.807,1491,0,49636.04674
95573,34016957.03,11734,0,34788.09309
95585,8480393.505,2788,0,36500.97635
95587,0,0,0,0
95589,8223820.927,1406,0,70189.0833
95595,0,0,0,0
95601,4453687.63,1897,0,28173.0372
95602,315158894.4,84032,19267,45005.55423
95603,718959601.2,134692,103163,64053.65734
95605,281838042.2,59410,54784,56927.3945
95606,8915038.93,2743,0,39001.264
95607,5717282.156,1908,0,35957.74941
95608,1032777807,0,246368,50304.15348
95610,581201259.7,0,163296,42710.26306
95612,22832409.94,5331,1830,51395.40785
95613,5304133.223,2291,0,27782.4525
95614,52203958.55,19555,0,32035.15738
95615,0,0,0,0
95616,903065868.4,207449,181187,52238.33531
95618,529466347.3,112902,109377,56275.31991
95619,56755257.32,23477,0,29009.80056
95620,402974669.3,82843,71226,58371.81212
95621,490510140.1,0,150492,39112.52213
95623,55994844.49,20285,0,33124.8772
95624,750059393,0,198128,45428.77693
95625,2893823.67,1281,0,27108.41846
95626,43078299.32,2877,10092,51222.71024
95627,68708806.34,14544,10175,56690.43427
95628,749529619.6,0,175045,51383.10397
95629,12352979.77,4928,0,30080.30787
95630,1168611935,0,307471,45608.6695
95631,78048624.81,27747,0,33754.4058
95632,303062311.6,4069,86147,42215.60517
95633,39980735.71,15023,0,31935.62061
95634,38397406.45,15648,0,29445.86384
95635,14798345.66,5537,0,32071.54559
95636,14822762.95,7427,0,23949.52947
95637,5979774.8,1956,0,36685.73497
95640,153503536.4,37000,20098,49784.93073
95641,38255788.36,9823,4479,46734.14032
95642,166553122.1,38888,23885,51394.70956
95645,15064069.6,5499,0,32873.03787
95648,1286320041,243829,221316,63306.00746
95650,301870998.6,56099,27898,64572.48761
95651,10726643.88,4165,0,30905.0964
95652,9007046.801,0,2786,38795.60718
95653,6126937.056,1883,0,39045.80174
95656,8574196.691,3144,0,32725.94157
95658,100184318.1,28251,2707,42554.66415
95659,9094995.28,3323,0,32843.79878
95660,374965461.8,0,106531,42237.33507
95661,508441566.4,1259,130897,46611.44868
95662,465860232.8,0,116985,47786.66319
95663,50456797.34,13049,3414,46400.61062
95664,21027544.6,6861,0,36777.5157
95665,65087734.48,25787,0,30288.62659
95666,81999072.74,41894,0,23487.58469
95667,469122114,177996,0,31626.92065
95668,11048958.19,3576,0,37077.04089
95669,32524499.93,12417,0,31432.22994
95670,769481949.8,0,222162,41563.28894
95672,62198964.19,20742,0,35984.3588
95673,175079246.1,0,50618,41506.00483
95674,9192057.061,3065,0,35988.47789
95675,5059045.914,2150,0,28236.53533
95676,5442604.755,1630,0,40068.25586
95677,658381988.6,115738,110080,68262.66104
95678,623406270.3,0,190036,39365.56886
95679,0,0,0,0
95681,21804211.3,5625,2333,46515.65078
95682,392484617.9,135633,0,34724.70133
95684,46527052.27,18152,0,30758.29811
95685,104107471.6,26006,13050,48038.51646
95686,22422545.06,4609,3548,58379.3753
95687,1315946633,263763,256903,59869.50252
95688,832921249.1,165322,137488,60458.10594
95689,19747114.57,8473,0,27967.11612
95690,21446282.62,7686,0,33483.65749
95691,814504639.4,155097,140304,63018.98601
95692,103228177.2,21897,16267,56571.13425
95694,168889537.1,38889,27957,52114.33684
95695,818485091.8,169768,141342,57854.37245
95697,9648969.131,1942,1692,59622.87826
95698,0,0,0,0
95701,11875703.04,5835,0,24423.03968
95703,21376951.32,7542,0,34012.65126
95709,61684870.46,24060,0,30765.52143
95713,123899950.2,44695,0,33265.45257
95714,5301939.216,2942,0,21625.85676
95715,2612345.871,1806,0,17357.77987
95717,2462402.719,1111,0,26596.60902
95720,3307426.419,5122,0,7748.753811
95721,1472130.974,3171,0,5570.978142
95722,83242857.04,21032,2457,47494.97359
95724,0,0,0,0
95726,110384900.8,48485,0,27320.17757
95728,25599312.81,18812,0,16329.56377
95735,3787252.011,7208,0,6305.08104
95736,4132134.227,1660,0,29870.84983
95742,173108717.1,0,50079,41480.55284
95746,793078523.9,80323,84095,113168.9433
95747,1050296931,5893,274151,45973.07022
95757,595637508.6,0,166592,42905.12211
95758,872845140.1,0,250327,41841.8376
95762,1268365159,184508,158263,82491.71803
95765,905616414.4,157732,156328,68897.85822
95776,434918767,90185,87763,57870.21349
95811,65604316.82,0,31307,25146.19101
95814,103487060.7,0,25187,49304.98782
95815,299156784.4,0,88738,40454.83799
95816,282457076.6,0,95051,35659.64503
95817,196089323.4,0,64483,36491.35247
95818,388982311,0,111668,41800.58506
95819,347934923.7,0,89423,46690.66218
95820,490689297.2,0,143052,41161.75633
95821,571308024.7,0,147297,46543.3532
95822,697869169.4,0,173083,48383.89693
95823,761337096.9,0,213804,42730.93657
95824,310929370.1,0,89989,41462.31697
95825,404380230,0,97008,50022.29466
95826,468099997.4,0,142285,39478.51122
95827,191188395.1,0,49967,45915.51905
95828,591132385.6,0,169534,41841.68737
95829,374987256.6,0,99091,45411.25914
95830,0,0,0,0
95831,631395660.4,0,166161,45598.83441
95832,127447532.8,0,34333,44545.20121
95833,382607435,0,118767,38657.95397
95834,299507700.5,0,106086,33879.04536
95835,541089148.8,0,162406,39980.47969
95837,0,0,0,0
95838,400930454.7,0,120843,39813.35664
95841,266470098.4,0,82447,38784.20296
95842,332009030.9,0,103621,38448.85082
95843,606870023.4,0,170593,42688.97482
95864,564096748.6,0,110503,61257.71231
95901,674687158.9,145844,113277,55513.05441
95903,0,0,0,0
95910,0,0,0,0
95912,85573061.28,18532,12386,55411.0045
95913,5025265.712,1763,0,34204.87155
95914,18499362.62,6139,0,36160.99551
95915,0,0,0,0
95916,26140007.59,9959,0,31497.14742
95917,52432554.46,6131,9727,64684.96489
95918,33421388.18,11296,0,35504.30755
95919,15879823.95,6480,0,29407.08139
95920,3062345.934,1249,0,29422.05861
95922,8827012.501,4262,0,24853.1558
95923,0,0,0,0
95925,2901893.385,1434,0,24283.62666
95926,872819250.8,188552,177679,55548.76644
95928,797004264.7,177730,155634,53812.24991
95930,3082774.426,1907,0,19398.68543
95932,174615871.5,34462,28808,60802.92666
95934,3058619.875,1612,0,22768.88244
95935,14100354.56,5299,0,31931.35586
95936,4170275.146,2688,0,18617.29976
95937,23730937.81,6053,2727,47046.29996
95938,96067200.72,17747,13184,64957.81871
95939,5543617.796,2265,0,29370.16051
95941,6853593.563,2762,0,29776.6556
95942,24291705.07,11484,0,25383.18189
95943,10126301.44,3626,0,33512.30482
95944,0,0,0,0
95945,584087827,128874,76688,54386.87341
95946,162814588.9,54115,3365,36104.13134
95947,22622400.08,12473,0,21764.51543
95948,190117472.2,18905,40983,55667.21975
95949,311131987.5,95089,4270,39264.09837
95950,4584266.878,1614,0,34083.76861
95951,45000653.88,8911,8646,60600.13989
95953,206265255.4,40828,35779,60624.64644
95954,167400583,62783,0,31996.03389
95955,28048099.8,6027,3875,55844.89756
95956,5665369.833,3091,0,21994.31834
95957,14189230.44,3244,1778,52487.90544
95959,408577330.4,89475,34137,54796.62436
95960,10940117.69,3538,0,37106.10862
95961,505218502.8,94614,90592,64077.43076
95962,19194583.06,7266,0,31700.38491
95963,272036138,68067,37866,47959.12344
95965,370130378.7,83364,57286,53279.1678
95966,575319691.4,137745,67308,50120.41306
95968,31942582.48,6573,5285,58315.9881
95969,857556543,150427,130015,68409.78359
95970,13865690.72,2758,1950,60329.32872
95971,53810169.63,27357,0,23603.5397
95972,0,0,0,0
95973,754771332,161589,131566,56051.1915
95974,9405695.654,1631,1276,69201.93001
95975,24386023.48,8548,0,34234.00583
95977,24910739.21,7959,0,37558.59663
95978,3379091.629,1671,0,24266.36718
95979,8900755.706,4515,0,23656.49357
95981,2792971,4124,0,8126.976722
95982,74745050.87,14260,12949,62899.06104
95983,7073120.519,3325,0,25527.0515
95984,3359468.403,1771,0,22763.1964
95986,2183313.418,1276,0,20532.72807
95987,96340248.01,21295,16964,54288.93994
95988,188302928.5,41287,33508,54729.94265
95991,893391337.9,173055,161706,61949.64638
95993,834794956.4,145619,135563,68792.80504
96001,471936257.5,19382,103547,54692.41108
96002,492018504.5,22572,112877,52306.68829
96003,664107825.4,55865,134692,59166.79465
96007,463061924.9,107452,56653,51713.72426
96008,12215095.12,3935,0,37250.60775
96009,3900180.251,1746,0,26805.36255
96010,0,0,0,0
96013,127592372.7,20913,18809,73213.23924
96016,5751833.502,2754,0,25062.45535
96019,118019286.6,0,34861,40625.09509
96020,32056009.47,19690,0,19536.42019
96021,278415477.8,71418,32629,46780.72382
96022,262444539.1,73048,16056,43113.21966
96028,35185002.89,8550,4072,49382.4602
96033,5765731.155,2133,0,32437.30608
96035,47970483.23,13438,4973,42837.16318
96040,3772811.828,1873,0,24171.77893
96047,8902656.268,3195,0,33437.20664
96051,18019516.55,8053,0,26851.38441
96055,50103829.73,17702,0,33964.86029
96056,25034753.01,7880,1254,38123.98935
96059,8168298.558,3175,0,30872.30951
96061,676214.8167,1607,0,5049.519478
96062,16617505.09,4930,0,40448.28825
96063,2233864.296,3537,0,7578.844093
96065,4472877.515,2300,0,23336.75225
96069,10407049.04,3408,0,36644.53888
96071,2853945.971,2303,0,14870.75625
96073,65274996.23,19459,0,40253.86478
96075,3954228.574,2161,0,21957.77089
96076,0,0,0,0
96080,586220598.1,136366,82114,51586.51846
96084,9770387.771,3178,0,36892.5907
96087,12740605.88,4390,0,34826.25753
96088,62790574.96,27546,0,27353.76822
96090,10342364.33,2265,1860,54793.9832
96092,6599443.605,2042,0,38782.2347
96096,8402101.915,2696,0,37398.07974
96125,4189407.024,5107,0,9843.917034
96137,40336332.05,32550,0,14870.53716
96161,0,0,0,0
Grand Total,2.73668E+11,53317935,48860487,61593.06862
0,0,0,0,0